{
  "0": {"cam_K": [1077.8360324435764, 0.0, 323.78720086812973, 0.0, 1078.1889891654928, 279.6921095349479, 0.0, 0.0, 1.0], "cam_R_w2c": [0.6068137288093567, 0.13007092475891113, -0.7841292023658752, 0.3964502811431885, -0.9045752882957458, 0.15675035119056702, -0.6889152526855469, -0.4059865176677704, -0.6004753708839417], "cam_t_w2c": [29.060123443603516, -159.23399353027344, 700.5421142578125], "depth_scale": 0.1},
  "1": {"cam_K": [1077.8360324435764, 0.0, 323.78720086812973, 0.0, 1078.1889891654928, 279.6921095349479, 0.0, 0.0, 1.0], "cam_R_w2c": [-0.3625173270702362, 0.5414280295372009, -0.7585755586624146, -0.09672266244888306, 0.7876902222633362, 0.6084314584732056, 0.9269444346427917, 0.29393836855888367, -0.23318301141262054], "cam_t_w2c": [-77.7004165649414, -133.87628173828125, 856.0663452148438], "depth_scale": 0.1},
  "2": {"cam_K": [1077.8360324435764, 0.0, 323.78720086812973, 0.0, 1078.1889891654928, 279.6921095349479, 0.0, 0.0, 1.0], "cam_R_w2c": [0.4626409113407135, 0.8506866693496704, -0.24959097802639008, 0.1884249746799469, -0.36945149302482605, -0.9099460244178772, -0.8662906289100647, 0.3739490807056427, -0.3312140107154846], "cam_t_w2c": [-81.55309295654297, -7.111364364624023, 648.889404296875], "depth_scale": 0.1},
  "3": {"cam_K": [1077.8360324435764, 0.0, 323.78720086812973, 0.0, 1078.1889891654928, 279.6921095349479, 0.0, 0.0, 1.0], "cam_R_w2c": [-0.10449457168579102, 0.8659117817878723, -0.4891601502895355, 0.9709833264350891, -0.017557302489876747, -0.23850180208683014, -0.21510986983776093, -0.49988850951194763, -0.8389512300491333], "cam_t_w2c": [155.5989990234375, -16.74457550048828, 731.1488037109375], "depth_scale": 0.1},
  "4": {"cam_K": [1077.8360324435764, 0.0, 323.78720086812973, 0.0, 1078.1889891654928, 279.6921095349479, 0.0, 0.0, 1.0], "cam_R_w2c": [-0.9967398047447205, 0.03185063600540161, -0.07413066923618317, 0.07965736091136932, 0.24240565299987793, -0.9668992757797241, -0.012826662510633469, -0.9696520566940308, -0.24415253102779388], "cam_t_w2c": [-45.88605499267578, -9.943215370178223, 769.1129760742188], "depth_scale": 0.1}
}