{
  "1": {"diameter": 96.34832639957997, "min_x": -19.5, "min_y": -39.5, "min_z": -19.5, "size_x": 39.0, "size_y": 79.0, "size_z": 44.0},
  "2": {"diameter": 96.34832639957997, "min_x": -19.5, "min_y": -39.5, "min_z": -19.5, "size_x": 39.0, "size_y": 79.0, "size_z": 44.0},
  "3": {"diameter": 96.34832639957997, "min_x": -19.5, "min_y": -39.5, "min_z": -19.5, "size_x": 39.0, "size_y": 79.0, "size_z": 44.0},
  "4": {"diameter": 96.34832639957997, "min_x": -19.5, "min_y": -39.5, "min_z": -19.5, "size_x": 39.0, "size_y": 79.0, "size_z": 44.0},
  "5": {"diameter": 96.34832639957997, "min_x": -19.5, "min_y": -39.5, "min_z": -19.5, "size_x": 39.0, "size_y": 79.0, "size_z": 44.0},
  "6": {"diameter": 96.34832639957997, "min_x": -19.5, "min_y": -39.5, "min_z": -19.5, "size_x": 39.0, "size_y": 79.0, "size_z": 44.0},
  "7": {"diameter": 96.34832639957997, "min_x": -19.5, "min_y": -39.5, "min_z": -19.5, "size_x": 39.0, "size_y": 79.0, "size_z": 44.0},
  "8": {"diameter": 96.34832639957997, "min_x": -19.5, "min_y": -39.5, "min_z": -19.5, "size_x": 39.0, "size_y": 79.0, "size_z": 44.0},
  "9": {"diameter": 96.34832639957997, "min_x": -19.5, "min_y": -39.5, "min_z": -19.5, "size_x": 39.0, "size_y": 79.0, "size_z": 44.0},
  "10": {"diameter": 96.34832639957997, "min_x": -19.5, "min_y": -39.5, "min_z": -19.5, "size_x": 39.0, "size_y": 79.0, "size_z": 44.0},
  "11": {"diameter": 96.34832639957997, "min_x": -19.5, "min_y": -39.5, "min_z": -19.5, "size_x": 39.0, "size_y": 79.0, "size_z": 44.0},
  "12": {"diameter": 96.34832639957997, "min_x": -19.5, "min_y": -39.5, "min_z": -19.5, "size_x": 39.0, "size_y": 79.0, "size_z": 44.0},
  "13": {"diameter": 96.34832639957997, "min_x": -19.5, "min_y": -39.5, "min_z": -19.5, "size_x": 39.0, "size_y": 79.0, "size_z": 44.0},
  "14": {"diameter": 96.34832639957997, "min_x": -19.5, "min_y": -39.5, "min_z": -19.5, "size_x": 39.0, "size_y": 79.0, "size_z": 44.0},
  "15": {"diameter": 96.34832639957997, "min_x": -19.5, "min_y": -39.5, "min_z": -19.5, "size_x": 39.0, "size_y": 79.0, "size_z": 44.0},
  "16": {"diameter": 96.34832639957997, "min_x": -19.5, "min_y": -39.5, "min_z": -19.5, "size_x": 39.0, "size_y": 79.0, "size_z": 44.0},
  "17": {"diameter": 96.34832639957997, "min_x": -19.5, "min_y": -39.5, "min_z": -19.5, "size_x": 39.0, "size_y": 79.0, "size_z": 44.0},
  "18": {"diameter": 96.34832639957997, "min_x": -19.5, "min_y": -39.5, "min_z": -19.5, "size_x": 39.0, "size_y": 79.0, "size_z": 44.0},
  "19": {"diameter": 96.34832639957997, "min_x": -19.5, "min_y": -39.5, "min_z": -19.5, "size_x": 39.0, "size_y": 79.0, "size_z": 44.0},
  "20": {"diameter": 96.34832639957997, "min_x": -19.5, "min_y": -39.5, "min_z": -19.5, "size_x": 39.0, "size_y": 79.0, "size_z": 44.0}
}