{
  "0": {"cam_K": [1077.8360324435764, 0.0, 323.78720086812973, 0.0, 1078.1889891654928, 279.6921095349479, 0.0, 0.0, 1.0], "cam_R_w2c": [-0.5695829391479492, 0.6534977555274963, -0.49851420521736145, 0.45042431354522705, -0.25916385650634766, -0.854372501373291, -0.6875271797180176, -0.711178719997406, -0.14673617482185364], "cam_t_w2c": [18.9871883392334, 26.438631057739258, 824.515869140625], "depth_scale": 0.1},
  "1": {"cam_K": [1077.8360324435764, 0.0, 323.78720086812973, 0.0, 1078.1889891654928, 279.6921095349479, 0.0, 0.0, 1.0], "cam_R_w2c": [-0.7701386213302612, 0.6332122683525085, 0.07699892669916153, 0.6366292834281921, 0.7705574035644531, 0.030732411891222, -0.039871953427791595, 0.07268798351287842, -0.9965574741363525], "cam_t_w2c": [-3.97994327545166, 65.09017181396484, 832.8240356445312], "depth_scale": 0.1},
  "2": {"cam_K": [1077.8360324435764, 0.0, 323.78720086812973, 0.0, 1078.1889891654928, 279.6921095349479, 0.0, 0.0, 1.0], "cam_R_w2c": [0.7488828897476196, -0.6622727513313293, 0.023859016597270966, -0.2692757844924927, -0.3369927406311035, -0.9021787047386169, 0.605528712272644, 0.6692014932632446, -0.4307020902633667], "cam_t_w2c": [-99.3210678100586, -21.46186065673828, 754.0846557617188], "depth_scale": 0.1},
  "3": {"cam_K": [1077.8360324435764, 0.0, 323.78720086812973, 0.0, 1078.1889891654928, 279.6921095349479, 0.0, 0.0, 1.0], "cam_R_w2c": [-0.8194239735603333, -0.3496679365634918, 0.45417723059654236, -0.5656694173812866, 0.36540478467941284, -0.7392547130584717, 0.092535100877285, -0.8626770973205566, -0.49721795320510864], "cam_t_w2c": [-63.39006042480469, 10.452056884765625, 702.2234497070312], "depth_scale": 0.1},
  "4": {"cam_K": [1077.8360324435764, 0.0, 323.78720086812973, 0.0, 1078.1889891654928, 279.6921095349479, 0.0, 0.0, 1.0], "cam_R_w2c": [0.6326354742050171, -0.6272289752960205, 0.45426443219184875, -0.6464570164680481, -0.750690221786499, -0.13622669875621796, 0.42645716667175293, -0.2074805498123169, -0.8803898692131042], "cam_t_w2c": [-13.926993370056152, -62.10921096801758, 812.4095458984375], "depth_scale": 0.1}
}