{
  "0": {"cam_K": [1077.8360324435764, 0.0, 323.78720086812973, 0.0, 1078.1889891654928, 279.6921095349479, 0.0, 0.0, 1.0], "cam_R_w2c": [0.69330233335495, -0.6931543946266174, -0.19715175032615662, -0.19390401244163513, -0.442916601896286, 0.8753434419631958, -0.6940699815750122, -0.568649172782898, -0.4414805471897125], "cam_t_w2c": [-127.16837310791016, -4.29986572265625, 784.4295043945312], "depth_scale": 0.1},
  "1": {"cam_K": [1077.8360324435764, 0.0, 323.78720086812973, 0.0, 1078.1889891654928, 279.6921095349479, 0.0, 0.0, 1.0], "cam_R_w2c": [0.2594364583492279, 0.9621955156326294, 0.08290033042430878, 0.34187158942222595, -0.01121829729527235, -0.939679741859436, -0.9032256603240967, 0.27212846279144287, -0.33185774087905884], "cam_t_w2c": [-10.901166915893555, -32.427650451660156, 927.6135864257812], "depth_scale": 0.1},
  "2": {"cam_K": [1077.8360324435764, 0.0, 323.78720086812973, 0.0, 1078.1889891654928, 279.6921095349479, 0.0, 0.0, 1.0], "cam_R_w2c": [0.8521871566772461, -0.4941565990447998, 0.17200668156147003, -0.4950675666332245, -0.8679034113883972, -0.04063821956515312, 0.16936686635017395, -0.05052356794476509, -0.9842570424079895], "cam_t_w2c": [-154.0391387939453, 50.03056716918945, 704.357666015625], "depth_scale": 0.1},
  "3": {"cam_K": [1077.8360324435764, 0.0, 323.78720086812973, 0.0, 1078.1889891654928, 279.6921095349479, 0.0, 0.0, 1.0], "cam_R_w2c": [-0.4194214344024658, -0.40463173389434814, 0.8126248121261597, -0.9044057726860046, 0.10900816321372986, -0.41251373291015625, 0.07833332568407059, -0.907959520816803, -0.4116717278957367], "cam_t_w2c": [-130.22412109375, -45.25032424926758, 764.7470092773438], "depth_scale": 0.1},
  "4": {"cam_K": [1077.8360324435764, 0.0, 323.78720086812973, 0.0, 1078.1889891654928, 279.6921095349479, 0.0, 0.0, 1.0], "cam_R_w2c": [0.8972347974777222, -0.01433129794895649, 0.44132116436958313, -0.44077861309051514, -0.08826779574155807, 0.8932653665542603, 0.026152802631258965, -0.9959936738014221, -0.08551385998725891], "cam_t_w2c": [-151.4801483154297, 45.74149703979492, 652.7869873046875], "depth_scale": 0.1}
}