{
  "0": {"cam_K": [1077.8360324435764, 0.0, 323.78720086812973, 0.0, 1078.1889891654928, 279.6921095349479, 0.0, 0.0, 1.0], "cam_R_w2c": [0.7054855823516846, 0.36036571860313416, -0.610267698764801, 0.7070844173431396, -0.2993459105491638, 0.6406431794166565, 0.048184704035520554, -0.8834753036499023, -0.465993195772171], "cam_t_w2c": [-120.36392211914062, -128.5819854736328, 681.0694580078125], "depth_scale": 0.1},
  "1": {"cam_K": [1077.8360324435764, 0.0, 323.78720086812973, 0.0, 1078.1889891654928, 279.6921095349479, 0.0, 0.0, 1.0], "cam_R_w2c": [-0.9971492290496826, -0.06453939527273178, 0.03909413889050484, -0.06893139332532883, 0.9898825287818909, -0.12402011454105377, -0.030694423243403435, -0.12636135518550873, -0.9915093779563904], "cam_t_w2c": [-82.73828887939453, 120.26851654052734, 859.6231079101562], "depth_scale": 0.1},
  "2": {"cam_K": [1077.8360324435764, 0.0, 323.78720086812973, 0.0, 1078.1889891654928, 279.6921095349479, 0.0, 0.0, 1.0], "cam_R_w2c": [-0.36559587717056274, -0.8781824111938477, -0.308440238237381, -0.7466164827346802, 0.474567711353302, -0.466207355260849, 0.555790901184082, 0.05984308943152428, -0.8291654586791992], "cam_t_w2c": [-128.67848205566406, 14.165779113769531, 792.343017578125], "depth_scale": 0.1},
  "3": {"cam_K": [1077.8360324435764, 0.0, 323.78720086812973, 0.0, 1078.1889891654928, 279.6921095349479, 0.0, 0.0, 1.0], "cam_R_w2c": [0.6711310148239136, 0.26918619871139526, 0.690740168094635, -0.4491223990917206, -0.5936595797538757, 0.667725682258606, 0.5898069739341736, -0.7583582997322083, -0.2775258421897888], "cam_t_w2c": [-105.9150161743164, -18.378705978393555, 727.117919921875], "depth_scale": 0.1},
  "4": {"cam_K": [1077.8360324435764, 0.0, 323.78720086812973, 0.0, 1078.1889891654928, 279.6921095349479, 0.0, 0.0, 1.0], "cam_R_w2c": [-0.8175541758537292, -0.00035264735925011337, 0.5758515000343323, -0.49008190631866455, 0.5255010724067688, -0.6954626441001892, -0.30236533284187317, -0.8507928848266602, -0.429798424243927], "cam_t_w2c": [129.32960510253906, 84.86105346679688, 882.6241455078125], "depth_scale": 0.1}
}