{
  "0": {"cam_K": [1077.8360324435764, 0.0, 323.78720086812973, 0.0, 1078.1889891654928, 279.6921095349479, 0.0, 0.0, 1.0], "cam_R_w2c": [0.3154710531234741, 0.3307494521141052, 0.8894283771514893, 0.646914541721344, -0.7606890201568604, 0.05342152714729309, 0.6942474842071533, 0.5585312247276306, -0.45394203066825867], "cam_t_w2c": [-20.960113525390625, -174.00917053222656, 752.142578125], "depth_scale": 0.1},
  "1": {"cam_K": [1077.8360324435764, 0.0, 323.78720086812973, 0.0, 1078.1889891654928, 279.6921095349479, 0.0, 0.0, 1.0], "cam_R_w2c": [0.2987357974052429, -0.10048356652259827, -0.9490310549736023, -0.6063851118087769, -0.7878768444061279, -0.1074572205543518, -0.7369219660758972, 0.6075796484947205, -0.29629871249198914], "cam_t_w2c": [54.13264846801758, -190.47853088378906, 824.935302734375], "depth_scale": 0.1},
  "2": {"cam_K": [1077.8360324435764, 0.0, 323.78720086812973, 0.0, 1078.1889891654928, 279.6921095349479, 0.0, 0.0, 1.0], "cam_R_w2c": [-0.5365738868713379, -0.08664654195308685, 0.8393933773040771, -0.8428213000297546, 0.005840023048222065, -0.538162112236023, 0.04172767698764801, -0.9962221384048462, -0.07616137713193893], "cam_t_w2c": [32.76041030883789, 117.53426361083984, 692.7957763671875], "depth_scale": 0.1},
  "3": {"cam_K": [1077.8360324435764, 0.0, 323.78720086812973, 0.0, 1078.1889891654928, 279.6921095349479, 0.0, 0.0, 1.0], "cam_R_w2c": [0.9393612742424011, 0.17823819816112518, 0.2929702699184418, 0.27545976638793945, -0.9010383486747742, -0.3350401818752289, 0.2042604684829712, 0.39542528986930847, -0.8954979777336121], "cam_t_w2c": [-100.19734191894531, -135.8662109375, 867.9647827148438], "depth_scale": 0.1},
  "4": {"cam_K": [1077.8360324435764, 0.0, 323.78720086812973, 0.0, 1078.1889891654928, 279.6921095349479, 0.0, 0.0, 1.0], "cam_R_w2c": [0.34836021065711975, -0.8572794795036316, -0.3791004717350006, -0.3986368775367737, -0.5015310049057007, 0.7678252458572388, -0.8483713269233704, -0.11635639518499374, -0.5164567232131958], "cam_t_w2c": [129.280029296875, 7.722745418548584, 859.7484130859375], "depth_scale": 0.1}
}