{
  "0": {"cam_K": [1077.8360324435764, 0.0, 323.78720086812973, 0.0, 1078.1889891654928, 279.6921095349479, 0.0, 0.0, 1.0], "cam_R_w2c": [-0.8272141814231873, -0.5033214092254639, 0.24976854026317596, -0.5563929080963135, 0.7957578301429749, -0.23915784060955048, -0.07838201522827148, -0.33680418133735657, -0.9383066296577454], "cam_t_w2c": [-41.535465240478516, -89.25390625, 753.8623046875], "depth_scale": 0.1},
  "1": {"cam_K": [1077.8360324435764, 0.0, 323.78720086812973, 0.0, 1078.1889891654928, 279.6921095349479, 0.0, 0.0, 1.0], "cam_R_w2c": [-0.8368239402770996, -0.4880504012107849, 0.248057559132576, -0.4876248836517334, 0.8704349398612976, 0.06756480783224106, -0.24889299273490906, -0.06441918760538101, -0.9663863182067871], "cam_t_w2c": [-118.96878051757812, -46.34541320800781, 735.08984375], "depth_scale": 0.1},
  "2": {"cam_K": [1077.8360324435764, 0.0, 323.78720086812973, 0.0, 1078.1889891654928, 279.6921095349479, 0.0, 0.0, 1.0], "cam_R_w2c": [0.08216765522956848, 0.24660959839820862, -0.9656252861022949, 0.24836215376853943, -0.9434004426002502, -0.21979981660842896, -0.9651760458946228, -0.22176434099674225, -0.13876554369926453], "cam_t_w2c": [28.74217987060547, 93.41326141357422, 720.408447265625], "depth_scale": 0.1},
  "3": {"cam_K": [1077.8360324435764, 0.0, 323.78720086812973, 0.0, 1078.1889891654928, 279.6921095349479, 0.0, 0.0, 1.0], "cam_R_w2c": [0.17505024373531342, 0.9842953681945801, -0.02280602976679802, 0.5876972079277039, -0.08587756007909775, 0.8045104742050171, 0.7899173498153687, -0.15423280000686646, -0.593500554561615], "cam_t_w2c": [-113.82837677001953, -5.715370178222656, 742.3116455078125], "depth_scale": 0.1},
  "4": {"cam_K": [1077.8360324435764, 0.0, 323.78720086812973, 0.0, 1078.1889891654928, 279.6921095349479, 0.0, 0.0, 1.0], "cam_R_w2c": [0.26719579100608826, -0.07709651440382004, 0.9605532884597778, -0.5403825044631958, -0.8373045921325684, 0.08311320841312408, 0.7978678941726685, -0.5412736535072327, -0.2653858959674835], "cam_t_w2c": [-10.36154556274414, 95.0030746459961, 701.0153198242188], "depth_scale": 0.1}
}