{
  "cx": 323.78720086812973,
  "cy": 279.6921095349479,
  "depth_scale": 0.1,
  "fx": 1077.8360324435764,
  "fy": 1078.1889891654928,
  "height": 480,
  "width": 640
}